title,publishedAt,viewCount,likeCount,commentCount,duration
"퇴근 후 침대 토크, ISTJ 트레일러 촬영 현장, 새로운 인이어 언박싱  | 37.5 hours HAECHAN CAM",2023-07-29T13:00:44Z,283328,63928,3721,1643
Betcha! I’m gonna getcha,2023-07-29T10:30:04Z,149051,47662,731,31
#SOSChallenge 🆘 with #JUNGWOO,2023-07-29T09:47:36Z,123226,32793,345,34
✮ 너란 #JUNGWOO 너만의 routine ✮,2023-07-29T09:46:54Z,168265,40168,237,30
#ENFJ #유노윤호 선배님과 #LETSGETDOWN !💪,2023-07-29T05:00:18Z,264202,47110,338,16
🛋️자석처럼 이끌리는 소파˚₊·—̳͟͞͞♥ | NCT DREAM POP-UP STORE 'DREAM Agit' Behind🏠,2023-07-27T13:00:12Z,280513,38312,638,1117
사랑했다 🐯🦊🐶🐻🐰🐬🐹 💚 #THEDREAMSHOW2 💚,2023-07-27T06:56:06Z,47697,11708,297,90
NCT DREAM 엔시티 드림 'ISTJ' Dance Practice,2023-07-26T09:00:32Z,714048,106968,2733,188
런쥐니는 억울하다 #NCTDREAM #오늘의_MBTI,2023-07-26T04:31:38Z,62126,14765,154,59
MBTI 별로 반응 갈린다는 질문 #NCTDREAM #오늘의_MBTI,2023-07-26T04:30:48Z,52719,12500,205,43
“네 친구를 데려온다고?” 혹시 너.. E야? | 오늘의 MBTI | 7DREAM MBTI TALK EP.1,2023-07-25T13:00:32Z,610088,69428,2094,955
#LETSGETDOWN ⤵️⚡️ with #전현무,2023-07-25T07:00:24Z,344224,47482,156,15
""" 너.. T야? "" #7DREAM_MBTI_TALK ➫ TONIGHT 10PM (KST)",2023-07-25T04:05:02Z,84309,19468,127,14
"이브, 프시케 그리고 황런쥔의 카감",2023-07-23T11:00:18Z,531763,71264,591,28
Beep-beep #ISTJ 🤍 Keep-keep #ISTJ ♥️ with #KYUJIN,2023-07-23T09:16:24Z,501139,71190,541,18
흥이 넘치는 카감님 😂 -RJ,2023-07-23T08:30:34Z,278542,52462,269,15
Make me proud 〰 with #조나단,2023-07-23T06:00:03Z,272073,47374,156,14
🆘 집중 이건 #SOSChallenge 🆘,2023-07-22T08:00:16Z,329952,78597,829,30
REACTION to ❤️'ISTJ'🔋 MV | NCT DREAM Reaction,2023-07-21T13:00:40Z,506710,74243,1141,587
every trio has these 3 types of people,2023-07-20T12:01:52Z,181148,44154,329,35
ENFP : wanna vibe with me? ISTJ : 💬,2023-07-20T12:01:24Z,215683,47653,184,22
꩜✮🖤ISTJ 🖇✦🐾✩ ₊˚💗ENFP🎀⊹♡,2023-07-20T12:00:12Z,202763,38253,348,15
Show me your #ISTJ with #JIHOON,2023-07-20T11:30:30Z,714933,115862,754,21
#UNBOXING NCT DREAM ‘ISTJ’ Album | 꾸미는 거 처음 해보는데… (🦊🐹),2023-07-19T12:31:30Z,111085,27565,177,61
#UNBOXING NCT DREAM ‘ISTJ’ Album | 전 제 포카에 제 사인 할 수 있어요 (🐻🐰🐬),2023-07-19T12:31:16Z,105546,28463,189,61
#UNBOXING NCT DREAM ‘ISTJ’ Album | 너 나랑 Trade 할래? (🐯🐶),2023-07-19T12:30:33Z,74034,24167,128,61
UNBOXING of NCT DREAM’s very first custom ✫🎤✫,2023-07-19T11:00:02Z,507399,84962,1786,253
NCT DREAM 'Like We Just Met' (Official Audio),2023-07-17T09:01:52Z,931564,99392,4962,210
NCT DREAM '제자리 걸음 (Starry Night)' (Official Audio),2023-07-17T09:01:43Z,256068,30053,729,191
NCT DREAM 'Pretzel (♡)' (Official Audio),2023-07-17T09:01:34Z,266383,27289,648,206
NCT DREAM 'SOS' (Official Audio),2023-07-17T09:01:22Z,510451,41956,1700,3
NCT DREAM 'Poison (모래성)' (Official Audio),2023-07-17T09:01:12Z,517103,49909,1886,213
NCT DREAM '파랑 (Blue Wave)' (Official Audio),2023-07-17T09:00:56Z,356794,33404,885,192
NCT DREAM 'Skateboard' (Official Audio),2023-07-17T09:00:46Z,307721,30728,827,187
NCT DREAM 'Yogurt Shake' (Official Audio),2023-07-17T09:00:34Z,441149,38590,1312,198
NCT DREAM 'Broken Melodies' (Official Audio),2023-07-17T09:00:24Z,153224,22349,341,227
NCT DREAM 'ISTJ' (Official Audio),2023-07-17T09:00:13Z,261703,32910,867,186
2023-05-12 'Like We Just Met' Lyrics meeting,2023-07-16T13:00:43Z,436140,72784,1229,701
[Un Cut] Take #1｜'Broken Melodies' MV Behind the Scene,2023-07-13T13:00:28Z,426188,60994,974,1573
"what it is, what’s up #NCTDREAM #MARK #JISUNG",2023-07-12T06:09:34Z,516273,107573,1467,20
ISTJ ↔ ENFP,2023-07-11T15:00:03Z,874046,105742,2765,461
런쥔아 지금 분위기 봐… #NCTDREAM #우정을찾아줘 #Finding_7UJEONG,2023-07-10T06:24:01Z,74471,19871,120,28
천러CAM 어딨어요옥!? #NCTDREAM #우정을찾아줘 #Finding_7UJEONG,2023-07-10T06:23:56Z,49198,15531,70,13
우정반지 여기서 뺄게요 | 우정을 찾아줘 | Finding 7-UJEONG EP.3,2023-07-09T11:00:30Z,853928,101381,1695,1012
엔시티드림 특 : 구슬아이스크림 한쪽도 나눠먹음 #NCTDREAM #우정을찾아줘 #Finding_7UJEONG,2023-07-07T07:32:10Z,76477,19643,107,56
너의 MBTI는 CUTE #NCTDREAM #우정을찾아줘 #Finding_7UJEONG,2023-07-07T07:30:37Z,90472,21385,140,9
MBTI가 뭐예요? CUTE요 | 우정을 찾아줘 | Finding 7-UJEONG EP.2,2023-07-05T11:00:24Z,1011018,110611,1599,1144
오늘부터 야라고 부를게 #NCTDREAM #우정을찾아줘 #Finding_7UJEONG,2023-07-03T10:50:09Z,98098,22148,164,20
얘 이상해요!!! 이제노 이상해!!! #NCTDREAM #우정을찾아줘 #Finding_7UJEONG,2023-07-03T10:46:26Z,105422,25801,174,28
The Second Video - We Go Extroverted,2023-07-02T15:00:06Z,766911,60717,1274,52
더 센 배신은 없어요? | 우정을 찾아줘 | Finding 7-UJEONG EP.1,2023-07-02T11:00:32Z,1571777,163871,2293,1334
""" 우정 다 꺾어! "" #NCTDREAM #우정을찾아줘 #Finding_7UJEONG",2023-07-02T07:03:53Z,134489,33151,195,14
💗왜 이렇게 부끄러움 타요 오늘?☺️ | Broken Melodies 음악방송 대기실 비하인드,2023-07-01T11:00:21Z,551308,64857,1538,1237
Our First Video - The Introvert Video Crew,2023-06-26T15:00:17Z,647592,79952,1429,64
7 DREAM Production : lucky7 vending machine,2023-06-25T15:00:36Z,470063,53178,1219,49
Feel you next to me 🤟7️⃣🤟,2023-06-25T12:53:28Z,121427,38511,147,8
#Broken_Melodies brings back our memories ̊₊✯͡ 🜚 *･,2023-06-22T04:51:49Z,105801,34597,133,29
오늘 좀 더 특별한 이유가 뭐냐면...🫣 | day in DREAM #3,2023-06-21T11:00:43Z,373333,47061,774,1387
NCT DREAM 엔시티 드림 'Broken Melodies' Performance Video,2023-06-21T09:00:02Z,4749329,340195,9802,233
우리의 열정은 엄청 뜨거워요 아직!🔥 | day in DREAM #2,2023-06-18T11:00:13Z,535383,61013,968,1883
왜 이렇게 찍어야 할 게 많지?💥 | day in DREAM #1,2023-06-15T11:00:01Z,1001612,114234,1791,1697
A Midsummer Night’s Dream,2023-06-14T15:00:36Z,628149,97430,1814,51
"DREAM SKETCH : Page #6 - in JAKARTA, BANGKOK, HONG KONG | THE DREAM SHOW2 BEHIND",2023-06-14T13:00:40Z,514807,70873,1566,2347
NCT DREAM '버퍼링 (Glitch Mode)' @NCT DREAM TOUR 'THE DREAM SHOW2 : In YOUR DREAM',2023-06-14T09:00:17Z,781272,73737,1836,325
NCT DREAM '맛 (Hot Sauce)' @NCT DREAM TOUR 'THE DREAM SHOW2 : In YOUR DREAM',2023-06-14T09:00:09Z,850175,59321,1384,238
그래요 시즈니도 영원하세요🤝💚 #THEDREAMSHOW2,2023-06-08T08:42:06Z,84514,17409,479,80
Behind the #BYObble #THEDREAMSHOW2,2023-06-02T16:32:11Z,147004,20410,374,32
Nanti kita jumpa lagi💚,2023-05-27T04:13:09Z,169606,37890,236,61
RENJUN & CHENLE REACTION to 'Hello Future Orchestra Ver.' MV,2023-05-26T13:00:07Z,309429,38779,958,517
我哋以后一定要再见面喎💚,2023-05-18T09:24:21Z,97967,26768,120,59
Don’t skip a meal 〰 #MANILA #SINGAPORE,2023-05-07T04:44:32Z,182295,37931,114,1
“아주 행복한 청춘을 보냈으면 좋겠다” | 7번지 우정빌리지 #2,2023-05-01T13:00:10Z,782379,72027,1702,1186
손목 위에 난~🦊 옷깃 위에 난~🐻 남겨두려 해~🐹💚,2023-04-29T10:17:22Z,1454757,215046,1054,24
남겨두려 해 💥 #Beatbox 잊을 수 없게 🎵🤩,2023-04-28T12:15:20Z,613434,87715,246,27
Love you all lots 💚 #HOUSTON #DALLAS #LA #SEATTLE,2023-04-26T12:07:05Z,107581,13799,231,93
“다음 주 금요일에 뭐 해요?” | 7번지 우정빌리지 #1,2023-04-24T13:00:21Z,1610491,139255,3706,1832
the 7⃣ boys a liar..? 🤭🤜 w/#PinkPantheress,2023-04-24T07:49:09Z,910229,75373,497,16
Everywhere #NCTDREAM & #PinkPantheress  go bring the #Beatbox 😉💗,2023-04-24T07:49:00Z,530793,55749,247,13
Keep it goin' till #DREAMSQUAD gettin’ louder🔥,2023-04-19T02:03:49Z,252788,40725,103,16
We finally found our 𝖉𝖔𝖕𝖊 #DREAMSQUAD fam in LA 🌴,2023-04-19T02:03:43Z,1412090,157866,269,13
We are thrilled to be in #NEWARK #CHICAGO #ATLANTA 🔥,2023-04-11T20:43:44Z,72259,11820,178,65
Behind the @kh1000le #NCTDREAMinUS,2023-04-10T08:04:15Z,141158,22452,643,40
Behind the GOATED. #NCTDREAMinUS,2023-04-06T16:00:27Z,515638,64948,1069,239
DREAM SKETCH : Page #5 - in JAPAN (OSAKA) | THE DREAM SHOW2 BEHIND,2023-04-06T13:00:32Z,357024,39551,773,1959
we’re so GOATED #shorts,2023-04-06T07:02:02Z,4418098,420539,1834,23
It was an absolutely amazing time in Europe 💚,2023-04-05T19:20:27Z,44323,9839,175,87
We've got some hilarious bonus cut of the King Heads to make NCTzens laugh out loud 🔥,2023-04-04T02:41:05Z,516212,80095,380,11
"Well, King heads are thrilled to see you all in the US! They can hardly sit still 🤣",2023-04-04T02:39:20Z,704264,135287,519,11
behind the BOOM BOOM TIME 💥,2023-04-03T02:25:06Z,907388,132164,521,20
We got that BOOM BOOM hearts❤️‍🔥 cuz we will see u all in the US soon 🫶,2023-04-03T02:09:33Z,1367162,172083,760,14
"REAL #JENO & #RENJUN are really looking forward to seeing you all soon in the USA, for REAL! 😂💚",2023-04-02T02:28:11Z,444844,71589,325,10
#NCTDREAM will soon be in the United States!🇺🇸,2023-04-02T02:25:53Z,221001,38975,229,9
With Eiffel Tower,2023-04-02T01:00:39Z,701813,118815,803,35
NCT DREAM 엔시티 드림 'Beatbox (English Ver.)' Dance Highlight #HAECHAN #JISUNG,2023-04-01T12:00:08Z,726014,31801,437,33
💚,2023-03-31T01:34:45Z,536768,110035,973,18
NCTzens 謝謝大家! 我愛你們💚,2023-03-28T06:13:21Z,203185,35130,136,1
😉 Wink shower from 🐻,2023-03-24T03:20:47Z,270863,61544,440,12
"Oh my gosh, the  ॱ˚ʚ 𝒈𝒐𝒅 𝒐𝒇 𝒘𝒊𝒏𝒌 ɞ˚ॱ also appeared in the #Beatbox_EnglishVer 🦊💫",2023-03-24T03:05:34Z,212800,40045,317,12
“빛이 있는 곳에 꿈이 있다” | DREAM LOOP : The Last Midnight #2,2023-03-23T13:00:03Z,570500,63398,1268,1389
Rhythm with the FLASH is the 궁합 🤟,2023-03-23T11:26:54Z,321314,63471,275,19
Let's pass the flow to bros and play the 🤝 #Beatbox 📻,2023-03-23T11:00:21Z,188702,48458,170,16
Special clip from ant park 🐜,2023-03-22T13:46:43Z,259112,43192,268,4
cool kids are back on the #Beatbox beat again💥,2023-03-22T13:38:13Z,220751,52922,333,19
“여기 갇힌 게 맞는 것 같다니까?” | DREAM LOOP : The Last Midnight #1,2023-03-16T13:00:00Z,1259818,127993,5918,1762
NCTzens makasih banget ya~ luv kalian semua deh💚 #JAKARTA,2023-03-09T10:24:40Z,359025,76103,988,1
[Un Cut] Take #3｜'Best Friend Ever' Recording Behind the Scene,2023-03-05T13:00:39Z,682052,60783,1362,1732
[Un Cut] Take #2｜'Best Friend Ever' Dance Practice,2023-02-24T13:00:04Z,1072504,97138,1880,525
NCT DREAM 엔시티 드림 'Best Friend Ever' Dance Rehearsal,2023-02-17T11:30:06Z,1126515,104726,1737,207
"DREAM SKETCH : Page #4 -  in JAPAN (NAGOYA, YOKOHAMA, FUKUOKA) | THE DREAM SHOW2 BEHIND",2023-02-15T13:00:33Z,563123,51515,897,2259
생각해 참 많이 지금 보고 싶은데💚너에게로 Crunch🍫,2023-02-14T04:20:21Z,207140,34699,229,30
[Un Cut] Take #1｜'Best Friend Ever' MV Behind the Scene,2023-02-13T11:00:01Z,543834,58665,1086,882
뀨 가자 뀨 👆｜Ohayo! DREAM #2,2023-02-11T13:00:13Z,777550,85667,1625,1045
진짜 괜히 좀 감성적이네…?🌃✨｜Ohayo! DREAM #1,2023-02-04T13:00:03Z,1298194,128867,2479,1043
𝕸𝖆𝖑𝖆𝖞𝖘𝖎𝖆 𝕮𝖍𝖊𝖈𝖐 ☑️ #NCTDREAM #JENO #JISUNG #bluecheck #bluecheckchallenge,2023-01-28T14:03:11Z,1733747,225426,1455,32
NCT DREAM💚 with H.O.T.🤍 | #CandyChallenge 비하인드,2023-01-20T13:00:17Z,541623,53122,721,751
근데 여기 사실… 엄마 아빠가 사랑을 시작했거든요❤️ | WINTER SPECIAL EVENT [Candy] 비하인드,2023-01-19T11:00:34Z,365626,42528,655,782
[Un Cut] Take #5｜'Graduation' Recording Behind the Scene,2023-01-14T13:00:30Z,663063,69117,2464,1932
[Un Cut] Take #4｜'Candy' Recording Behind the Scene,2023-01-11T13:00:29Z,1138583,109976,2939,1619
#CandyChallenge with #CHENLE’s Family 🐬🍬,2023-01-11T08:06:20Z,495411,76643,566,32
Ahhhh 👉#Candy👈 with #CHENLE’s brother 🍬 #CandyChallenge,2023-01-11T08:03:27Z,629662,103872,457,15
💚2022년 너무 고마웠고! 2023년 더 행복합시다💚 | 2022 연말 무대 비하인드,2023-01-09T11:00:09Z,789484,82388,1503,923
[Un Cut] Take #3｜'Candy' Dance Practice,2023-01-03T13:00:09Z,2314512,167465,3992,1218
"""여기… 하숙집 맞아요…?"" | 드림나무 캔디걸렸네",2022-12-30T13:00:36Z,1636749,140547,3361,1406
2 Kitties 2 Kitties🐈🐈‍⬛ 1 #Candy 🍬 with #JOHNNY,2022-12-30T08:01:57Z,918629,130588,577,25
"4, 3, 2, 1 #Candy 🍭Times❤️",2022-12-29T13:51:38Z,539722,87694,368,27
Just keep dancing #Candy 🍬💎,2022-12-29T13:22:32Z,389823,60349,197,27
[Un Cut] Take #2｜'Candy' MV Behind the Scene,2022-12-29T13:00:01Z,594097,61096,1121,1408
2023 NCT DREAM SEASON’S GREETINGS CONCEPT TRAILER VER.2 #NCTDREAM,2022-12-29T04:00:12Z,264341,58103,378,32
Dreamies love doggy🐾💚 #NCTDREAM #Candy,2022-12-28T12:00:22Z,251043,54977,255,12
Peek-A-B👀💛 #NCTDREAM #Candy,2022-12-28T10:00:00Z,318434,61161,185,15
이랴〰🎠💨#NCTDREAM #Candy,2022-12-27T12:00:32Z,413922,77753,640,9
[Un Cut] Take #1｜'Candy' Jacket Behind the Scene,2022-12-27T11:00:30Z,445753,57521,1015,903
아→이↘고↑ ✋🦊🐻🐹🤚 #NCTDREAM #Candy,2022-12-27T10:00:00Z,429067,100493,648,15
🏀Playing in the 90’s Arcade🕹 #NCTDREAM #Candy,2022-12-26T12:00:00Z,274962,64891,260,16
Winter Night : Christmas Message from 7DREAM🎄📮,2022-12-25T11:00:34Z,375336,53203,984,514
🎁Candy 요정들의 선물 박스가 도착했어요💫 | Packing NCT DREAM ‘Candy’ Album,2022-12-25T09:00:31Z,519643,70018,1358,504
My type my #Candy 🍭✨,2022-12-25T06:09:35Z,290676,40326,212,28
NCT DREAM 엔시티 드림 'Graduation' Special Video,2022-12-23T15:00:28Z,7165845,455765,15496,246
NCT DREAM 엔시티 드림 'Candy' 🍬 MV Commentary,2022-12-23T11:00:00Z,1312949,116140,2128,515
언제나 니 옆에 있을게🍬 수고했어 오늘도👏,2022-12-23T09:30:42Z,261378,51589,166,27
[Replay] NCT DREAM ‘Candy’ Comeback Live,2022-12-23T07:00:08Z,648117,39441,882,5430
단지 🐕🐾 사랑해💚 with #JOY,2022-12-22T05:03:45Z,241412,36931,194,27
Legend of #Candy 🍬👑,2022-12-21T14:52:04Z,531151,73060,407,27
응답하라 1️⃣9️⃣9️⃣6️⃣ 🍭🤍 with #TONYAN,2022-12-21T14:43:01Z,218222,31088,229,28
🍭 Welcome to DREAM's Candy Factory 🍬 #NCTDREAM #CandyChallenge,2022-12-21T10:00:07Z,1299787,256277,997,59
fluffy doggy 🐾 with 🍬Candy Fairies🧚‍♂️  #NCTDREAM #Candy #CandyChallenge,2022-12-20T12:00:09Z,499581,108090,532,25
NCT DREAM 엔시티 드림 'Candy' Dance Practice,2022-12-20T11:00:22Z,4084344,236883,3449,221
비교 비교 했지! 🔨 #NCTDREAM #Candy #CandyChallenge,2022-12-20T10:00:00Z,464081,99351,585,11
한입에 삼켜 Candy 🍬😈 with #GISELLE #NINGNING,2022-12-20T07:07:35Z,2344613,194693,984,25
my #Candy is #Yours 🤗🍬 #CHANYEOL #Raiden #WINTER,2022-12-20T06:33:31Z,594820,67303,650,20
This is how we enjoy 🎄#Candy ♥️,2022-12-19T14:06:31Z,282884,63822,673,25
천지의➰ 잉차💚 낑차🎁 #NCTDREAM #Candy #CandyChallenge,2022-12-19T12:39:01Z,413897,81769,343,16
𝒃𝒐𝒏𝒖𝒔 𝒄𝒖𝒕! 너 혼자 아냐🕺 너의 곁엔 내가 있잖아😜,2022-12-19T06:08:25Z,462871,56811,550,19
🔥 언제나 니 옆에 있을게 🧊 with #KAI #KARINA,2022-12-19T06:03:33Z,1759704,163041,919,23
"단㉨l 널 ㈔ ㄹбㅎH ○l렇7ㅓl 말했zl , , ⭒*｡  #NCTDREAM #CandyChallenge",2022-12-17T12:00:04Z,233167,56398,250,12
😎 #ZOO flavored #Candy 🍬with #TAEYONG #HENDERY #YANGYANG,2022-12-17T10:25:38Z,406455,65977,302,27
from 1️⃣9️⃣9️⃣6️⃣ to ✌️🫶✌️✌️ #NCTDREAM #Candy,2022-12-17T10:00:29Z,621065,114177,404,26
이제껏 준비했던🍬 많은 말을 뒤로한 채🫢 with #WSG워너비,2022-12-17T09:27:00Z,289361,35455,146,21
˚₊*̥⸜ 🍬 슈가링 천지 💗 ⋆*‧˚₊*̥ with #JUNGWOO,2022-12-17T09:10:48Z,517171,69879,372,26
언제나🤍 니 옆에 있을게〰️🍭 with #장민호,2022-12-17T08:40:45Z,221795,39289,203,25
단지 널 사랑해💚 이렇게 말했지〰🧤with #재재,2022-12-16T16:27:17Z,303173,60625,205,24
이렇게 약속을🤙 하겠어🤍🤗 with #코요태 #김종민 #신지 #빽가,2022-12-16T15:57:56Z,284309,41117,194,22
Winter Night with 7DREAM🎄,2022-12-15T13:00:12Z,968195,121200,2454,968
Where's #RENJUN ⁉️ #NCTDREAM #Candy,2022-12-15T12:00:20Z,496277,116705,2536,9
언제나 네 곁에 있을게 🍭 #NCTDREAM #CandyChallenge,2022-12-15T10:00:12Z,447691,85017,517,23
이제껏 준비했던 많은 말을 뒤로한 채 ☃️ #NCTDREAM #CandyChallenge,2022-12-14T12:00:11Z,553560,101780,1880,25
단지 널 사랑해 💚 이렇게 말했지 #NCTDREAM #CandyChallenge,2022-12-14T10:00:11Z,1012875,168907,1271,32
Popping #Candy in the air 💨🍬 #NCTDREAM #CandyChallenge,2022-12-12T12:00:30Z,416876,99291,657,5
7️⃣ mini-mes in #Candy land #NCTDREAM #CandyChallenge,2022-12-12T10:00:11Z,327011,84075,825,12
NCT DREAM 엔시티 드림 'Candy' Highlight Medley,2022-12-11T15:00:08Z,1356160,166864,4882,143
햇살에 일어나 보니 너무나 눈부셔☀️ #NCTDREAM #CandyChallenge,2022-12-10T10:00:00Z,602654,130925,1875,9
우린 같은 하늘 아래 서 있었지🧤 #NCTDREAM #Candy #CandyChallenge,2022-12-08T10:00:21Z,450861,96970,1098,12
What's the Mittens for?🧤 #NCTDREAM #CandyChallenge,2022-12-05T12:01:00Z,503268,114210,1836,9
"NCTzens, すいとーよ💚 #FUKUOKA",2022-12-03T09:31:08Z,172283,44752,147,42
DREAM SKETCH : Page #3 - Concert D-Day | THE DREAM SHOW2 BEHIND,2022-12-01T13:00:22Z,460104,49964,871,1575
아니 이 사람이 더 답답해!!!!  | 왕머리즈 VS 공공즈 #2,2022-11-30T13:00:21Z,1150251,98473,1581,1059
NCTzen.. 僕のもの🤭💚#YOKOHAMA,2022-11-30T12:11:35Z,130399,36274,125,46
"DREAM SKETCH : Page #2 - Stage Practice, Rehearsal | THE DREAM SHOW2 BEHIND",2022-11-28T13:00:37Z,717438,67584,1391,1934
"DREAM SKETCH : Page #1 - Concert Meeting, Poster&VCR Shooting | THE DREAM SHOW2 BEHIND",2022-11-25T13:00:40Z,717608,78075,1874,1682
NCT DREAM THE MOVIE : In A DREAM | ScreenX Trailer (Beatbox),2022-11-24T23:00:09Z,161552,28458,369,31
🫶NCTzens 大好きです💚 #NAGOYA#NCTDREAM #THEDREAMSHOW2_in_JAPAN,2022-11-24T04:27:05Z,188642,43782,167,37
자존심을 건 싸움이라고 할 수 있지👊🏻🏁 | 왕머리즈 VS 공공즈 #1,2022-11-23T13:00:17Z,1869800,148410,2714,1157
NCT DREAM THE MOVIE : In A DREAM | ScreenX Trailer (버퍼링 (Glitch Mode)),2022-11-17T23:00:21Z,191211,33272,467,31
2023 NCT DREAM SEASON’S GREETINGS CONCEPT TRAILER #NCTDREAM,2022-11-09T06:00:27Z,280278,72275,432,27
Don't stop the music🎵 왜 멈춰 있어〰😜 #오르골챌린지 #shorts,2022-11-09T04:15:46Z,1313909,180971,1167,27
NCT DREAM 엔시티 드림 'Dream-lapse' Performance Video (GMA ver.),2022-11-08T14:00:30Z,1453155,153678,4441,175
NCT DREAM THE MOVIE : In A DREAM | 메인 트레일러,2022-11-06T23:00:30Z,179515,36531,673,61
NCT DREAM THE MOVIE : In A DREAM | Official Trailer,2022-11-06T23:00:18Z,728617,51600,1064,61
블링블링하고 화사하고 퓨어한✨ | BLANCDIVA Photoshoot Behind,2022-11-06T11:00:23Z,252334,42704,975,613
여기는 DREAM💚 우리는 에버랜드🤩 | DREAM in EVERLAND #2,2022-10-29T13:00:27Z,895186,94271,1325,805
여기는 에버랜드입니다🎢💚 | DREAM in EVERLAND #1,2022-10-25T13:00:33Z,1677817,155935,1860,1219
⋆ ִׂ ٭𝑫𝑹𝑬𝑨𝑴 𝒊𝒏 𝑬𝑽𝑬𝑹𝑳𝑨𝑵𝑫⌁. ࣪˖ 환상의 나라 에버랜드로🎢 💚,2022-10-25T06:00:12Z,349460,80662,338,10
첫 출연을 하는 날입니다🏆 | 2022 TMA 더팩트 뮤직 어워즈 비하인드,2022-10-24T11:00:15Z,352550,55278,1113,647
아이고 귀여워 애기들👶🏻💚 | NCT DREAM Brand Concept Day Photoshoot Behind,2022-10-13T11:00:23Z,389205,57327,1633,628
🏎 3️⃣ Baddies 1 Porsche 💨 #shorts,2022-09-24T04:38:41Z,1988230,270710,963,21
NCT DREAM TOUR 'THE DREAM SHOW2 : In A DREAM' Recap Video,2022-09-20T13:00:34Z,330687,61126,1560,111
🐦삥 #NCTDREAM #JISUNG #새삥 #새삥챌린지,2022-09-16T10:33:16Z,869838,154539,2023,50
Thank you NCTzens for the two magical nights and making our DREAM come true 💚 #shorts,2022-09-11T09:59:28Z,248975,63304,571,37
NCT DREAM '같은 시간 같은 자리 (Walk you home)' Cheering Guide,2022-09-01T10:00:18Z,620863,78366,1578,252
[💚][TO THE NCT UNIVERSE] 2022 NCT DREAM EXHIBITION 'DREAM VIBE' Behind story,2022-08-31T13:00:12Z,244663,48318,744,51
[Replay] Tonight is THE NIGHT : NCT DREAM 6TH ANNIVERSARY,2022-08-30T03:00:29Z,1335534,59921,1379,5658
진짜 지금부터 시작이에요💚 | 6TH HAPPY DREAM DAY🏀,2022-08-25T11:25:00Z,1606228,148460,3753,1811
말을 해도 어차피 안 들어줄 거기 때문에..🤷🏻 | 7분토론 | 7DREAM DEBATE,2022-08-14T13:00:36Z,1798191,166145,4552,1203
These are my best friends ✨ | Penshoppe Behind the Scene,2022-08-06T11:00:19Z,437693,64723,1316,445
[💚][TO THE NCT UNIVERSE] 2022 NCT DREAM EXHIBITION 'DREAM VIBE',2022-08-01T01:00:07Z,308534,59645,1123,78
MY DREAM LIGHTSTICK CUSTOM💫💚 | for ‘THE DREAM SHOW2 : In A DREAM’,2022-07-26T13:00:12Z,632219,84985,3268,579
Can’t wait to see all of you Czennies soon!💚,2022-07-26T08:43:33Z,348921,57762,1875,106
NCT DREAM 엔시티 드림 '버퍼링 (Glitch Mode)' Dance Practice (7DREAM Ver.),2022-07-18T11:00:11Z,1470026,140511,4469,237
GRWD - Get Ready With DREAM💚 | LOOKBOOK for ‘THE DREAM SHOW2 : In A DREAM’,2022-07-17T13:00:07Z,918410,115969,2810,1045
노래 주때요~! 😆🎶 | 드림콘서트 비하인드,2022-07-12T11:00:03Z,919973,130227,1770,924
나랑 같이 떠날래? 😎🌊 | DREAM di JAKARTA #2,2022-07-10T13:00:34Z,3093414,427923,12088,1106
햇빛이 짱짱하니 좋구만 🌴☀️ | DREAM di JAKARTA #1,2022-07-06T13:00:30Z,3239778,523462,15938,585
NCT DREAM 엔시티 드림 'Beatbox' TikTok Compilation,2022-06-30T11:00:09Z,416899,72020,1047,206
Aku Cinta Czennie〰💚 | Allo Bank Festival 2022 Behind the Scene,2022-06-29T13:00:21Z,1356318,295625,11361,521
[Un Cut] Take #4｜'Beatbox' Recording Behind the Scene,2022-06-27T13:00:03Z,1358297,145046,3722,1824
우리가 누군지 보여주자!👊🏻💚 | Beatbox 음악방송 대기실 비하인드,2022-06-25T11:00:39Z,819858,109900,1835,619
NCT DREAM 엔시티 드림 'Beatbox' Dance Practice,2022-06-23T11:00:14Z,6908982,416503,9991,248
NCT DREAM 엔시티 드림 'Beatbox' Choreography Video,2022-06-21T13:00:31Z,6081746,244949,1848,208
[Un Cut] Take #3｜‘Beatbox’ Dance Practice,2022-06-20T11:00:18Z,1302229,154622,2379,625
🥁Bring Your Beatbox🤝 DREAM SQUAD 모집 | NCT DREAM 'Beatbox' TikTok Reaction,2022-06-19T13:00:24Z,2444331,243264,2895,1144
NCT DREAM in DREAMCONCERT🌱Thank U NCTZen💚,2022-06-19T12:33:16Z,407427,100091,964,16
[Un Cut] Take #2｜‘Beatbox’ Jacket Behind the Scene,2022-06-16T13:00:30Z,437384,64197,1043,1379
[Un Cut] Take #1｜‘Beatbox’ MV Behind the Scene,2022-06-14T13:00:07Z,907957,116611,1867,1518
여기 동아리는 내가 접수하겠네 😎💥 | 모여봐요 DREAM SQUAD,2022-06-10T11:00:39Z,2103439,192341,3934,1292
저희가 드디어 독일에 왔습니다🤩💚 | KPOP.FLEX Behind the Scene,2022-06-08T11:00:00Z,884085,130651,4589,602
[Replay] NCT DREAM ‘Beatbox’ Comeback Live l 모일수록 완벽한 궁합,2022-06-05T09:00:10Z,582318,40524,992,4749
[Replay] NCT DREAM ‘Beatbox’ Countdown Live l 우리만이 가능한 음악,2022-06-05T08:00:09Z,185035,22805,712,3447
UNBOXING of NCT DREAM ‘Beatbox’ Album,2022-06-04T13:00:30Z,736449,103424,1505,853
REACTION to 🤝’Beatbox’🪥 MV | NCT DREAM Reaction,2022-06-03T13:00:07Z,1424852,179472,1834,354
NCT DREAM 엔시티 드림 'Beatbox' Performance Stage,2022-05-31T11:21:35Z,5348419,463120,10052,232
NCT DREAM 'Beatbox' (Official Audio) | Beatbox - The 2nd Album Repackage,2022-05-30T09:03:16Z,497752,50341,1058,206
NCT DREAM '마지막 인사 (To My First)' (Official Audio) | Beatbox - The 2nd Album Repackage,2022-05-30T09:03:03Z,3047141,135229,4191,184
"NCT DREAM 'Sorry, Heart' (Official Audio) | Beatbox - The 2nd Album Repackage",2022-05-30T09:02:46Z,2172470,99463,3078,214
NCT DREAM '별 밤 (On the way)' (Official Audio) | Beatbox - The 2nd Album Repackage,2022-05-30T09:02:21Z,1096996,77243,2349,210
How we play @DREAM SQUAD STUDIO 🎼,2022-05-27T11:01:08Z,295097,62523,131,11
☁ WE GET HIGH pose ☁,2022-05-27T11:00:02Z,572186,82364,221,8
🐶 (🐹 ) +🐻 = SUGAR POP! STAR,2022-05-27T08:01:07Z,279120,47297,225,8
Boom!💥 into album jacket photoshoot📸,2022-05-27T08:00:11Z,219726,49229,149,31
Let’s get to drawing our own album cover @DREAMZONE ✍️,2022-05-25T13:00:15Z,483932,93159,1684,403
버퍼링 (Glitch Mode) 🕹 with 핑크퐁 레드렉스 | NCT DREAM과 함께 노래해요💚 | NCT DREAM X 핑크퐁,2022-05-25T10:00:13Z,3070473,216832,0,138
Glitch Mode 🕹 with Pinkfong REDREX | Sing along with NCT DREAM💚 | NCT DREAM X PINKFONG,2022-05-25T10:00:11Z,26956041,132424,0,138
🐯 This is our Boom Chicka dance🐹 Show your Boom Chicka! #BringYourBeatbox,2022-05-22T11:01:08Z,339278,59356,203,17
🐻 This is our Boom Chicka dance🐬 Show your Boom Chicka! #BringYourBeatbox,2022-05-22T11:00:12Z,347748,68852,175,16
🐰 This is our Boom Chicka dance👨‍🏫 Show your Boom Chicka! #BringYourBeatbox,2022-05-22T08:01:23Z,428582,73663,249,16
🦊 This is our Boom Chicka dance🐶 Show your Boom Chicka! #BringYourBeatbox,2022-05-22T08:00:08Z,345131,64779,319,17
🐯 Boom은 상체 Chicka는 하체로 🐹 #BringYourBeatbox,2022-05-21T11:01:15Z,246404,40313,188,59
손동작🖐으로 만드는 Boom Chicka 🐻🐬 #BringYourBeatbox,2022-05-21T11:00:24Z,162911,37290,180,48
🐰👨‍🏫 Find water drop sound in Beatbox💧#BringYourBeatbox,2022-05-21T08:02:21Z,128818,29787,120,51
🦊 관절을 움직여보자 🐶🦴 #BringYourBeatbox,2022-05-21T08:01:02Z,168136,37470,183,49
Beatbox Dance Challenge CONFERENCE💡#BringYourBeatbox,2022-05-21T08:00:17Z,137025,28422,95,54
🐯🦊🐶🐰🐬 and you💚 #BringYourBeatbox,2022-05-20T11:02:56Z,563730,108935,333,15
Let’s see how you Boom Chicka! 🕺#BringYourBeatbox,2022-05-20T11:01:36Z,321531,63395,179,14
비트에 맞춰 같이 변신해보자! 🥊🐺 #BringYourBeatbox,2022-05-20T11:00:14Z,198890,47121,233,18
Beatbox wink 😉✨ ver. What is your verison? #BringYourBeatbox,2022-05-20T08:01:25Z,1087293,160447,1374,13
Teleporting with Beatbox 💫 #BringYourBeatbox,2022-05-20T08:00:11Z,210263,51452,166,17
Let’s go out with Beatbox! 🛹 🏀 #BringYourBeatbox,2022-05-19T11:01:10Z,598052,109687,320,15
비트박스 분신술 Pop! 👀 #BringYourBeatbox,2022-05-19T11:00:13Z,200753,40573,158,13
Shake your body🍃 with Beatbox #BringYourBeatbox,2022-05-19T08:01:01Z,352798,74117,281,14
Are you ready to get on Beatbox train? 🚂 #BringYourBeatbox,2022-05-19T08:00:16Z,1020905,171637,513,13
Beatbox pics. this week📸 Let's see your photodump! #BringYourBeatbox,2022-05-18T11:02:05Z,262303,59626,485,12
Mirror Highway✨다음은 누가 해볼래?😎 #BringYourBeatbox,2022-05-18T11:01:26Z,353237,76255,251,10
곰인형을 던졌더니…🐻❗️ #BringYourBeatbox,2022-05-18T11:00:13Z,1619731,241344,724,16
Boom! 💥에 맞춰 bounce bounce #BringYourBeatbox,2022-05-18T08:01:12Z,262929,52093,253,15
Cool Kids on Beatbox🥁 Wanna see your own version of Beatbox video! #BringYourBeatbox,2022-05-18T08:00:12Z,1434087,249859,613,13
Yesssss! We all did it✌ Check this out #Beatbox,2022-05-17T11:02:57Z,474807,108522,581,59
"“Baaam~ Chicka!"" video 🤣 edited by JAEMIN",2022-05-17T11:01:25Z,241954,52240,344,10
Beatbox everywhere w/ Beat Park 🙌,2022-05-17T11:00:11Z,272354,63896,343,49
멤버들이 내는 소리로 비트메이킹 하기 by Beat Park 🐤,2022-05-17T08:00:17Z,300240,64105,397,59
DREAMSQUAD BUSKING 🎸 ▶ or 🔄,2022-05-16T11:01:42Z,363359,84664,280,38
Beatbox on beats on beats on beats 🖊️,2022-05-16T11:00:06Z,889067,194826,689,31
빵 대신 비트굽기 🍞,2022-05-16T08:00:12Z,2026100,337420,710,30
좋아 자연스러웠어 🎹,2022-05-15T11:01:13Z,247064,59111,530,24
입 좀 풀어볼까? 치키파하~~~,2022-05-15T11:00:31Z,240818,48491,481,55
요즘 우리가 뭐에 꽂혀있냐면 💭,2022-05-15T08:00:24Z,3919402,575884,1654,37
NCT DREAM 엔시티 드림 Behind The Stage @DREAM STAGE : GLITCH MODE,2022-05-14T13:00:32Z,368649,58625,754,739
NCT DREAM 엔시티 드림 'Fire Alarm + Arcade' @DREAM STAGE : GLITCH MODE,2022-05-14T11:00:13Z,2810802,173715,2525,344
나타나 줘 눈 감을 때도💫,2022-05-13T11:00:03Z,212472,54191,408,40
드림스쿼드 최고멋쟁이😎,2022-05-13T08:00:00Z,165652,45568,356,11
지성아 같이 춤출래?🕺 Dance duo in the zone,2022-05-12T11:00:16Z,254743,59150,300,31
이렇게 느리게 찍으면 재밌다니까? ✨,2022-05-12T08:00:38Z,181266,37987,180,53
재민이가 같이 찍재 📹,2022-05-12T08:00:00Z,249218,56108,305,34
나 화음 쌓을래 🚗,2022-05-11T11:00:34Z,389641,85973,559,32
비트 찍으면 누가 나타나게? 🚨 #FireAlarm,2022-05-11T08:00:08Z,306338,74600,817,23
Every Friend Group Has... 서로 찍어주기 📹,2022-05-10T11:00:06Z,784880,163133,944,41
Welcome to DREAMSQUAD zone #selfcamera,2022-05-10T08:00:30Z,409117,105913,997,1
[Un Cut] Take #5｜'잘 자 (Teddy Bear)' & 'Saturday Drip' Recording Behind the Scene,2022-05-08T13:00:04Z,1009320,112372,4641,2800
‘Rewind’ Live Clip | NCT DREAM 엔시티 드림,2022-05-07T13:00:21Z,2658955,217976,4840,193
Baby T-Rex | Sing along with NCT DREAM💚 | Dinosaur Song for Kids | NCT DREAM X PINKFONG,2022-05-05T01:00:17Z,21272943,338699,0,95
아기 티라노 | NCT DREAM과 함께 노래해요💚 | 어린이날 특집 | NCT DREAM X 핑크퐁,2022-05-05T01:00:12Z,7470497,191624,0,95
[Un Cut] Take #4｜'버퍼링 (Glitch Mode)' Recording Behind the Scene,2022-05-01T13:00:00Z,1103325,121356,2820,1549
[Un Cut] Take #3｜'버퍼링 (Glitch Mode)' Dance Practice,2022-04-29T11:00:19Z,1495699,145816,2512,862
⚡️🕹못 다한 이야기 It's Never Goodbye~🏆💚 | 버퍼링 (Glitch Mode) 음악방송 대기실 비하인드 #2,2022-04-27T11:00:31Z,676594,90762,1693,751
'너를 위한 단어 (It’s Yours)' Live Clip | NCT DREAM 엔시티 드림,2022-04-25T13:00:30Z,5000590,262869,7497,239
NCT DREAM 'Rewind' | DREAM STAGE : GLITCH MODE Ver.,2022-04-23T11:00:25Z,734623,101570,1331,185
[Un Cut] Take #2｜‘버퍼링 (Glitch Mode)’ Jacket Behind the Scene,2022-04-21T11:00:03Z,718462,80959,1460,1630
DREAM STAGE : GLITCH MODE Behind The Scenes,2022-04-20T11:00:15Z,1001966,116989,2421,1412
[Un Cut] Take #1｜‘버퍼링 (Glitch Mode)’ MV Behind the Scene,2022-04-19T13:00:21Z,736216,98520,2329,1402
🤔곳곳에 그려진 낙서의 비밀은? | 💗NCT DREAM POP-UP STORE 'Glitch Arcade Center' Behind🕹,2022-04-17T11:00:15Z,601591,91359,1157,629
What’s cooking? 👀🧑‍🍳 #shorts,2022-04-15T14:30:59Z,454842,81874,453,20
Exclusive: ‘Glitch Mode’ in the news room 📑🎙 #shorts,2022-04-15T14:30:52Z,282234,58648,279,21
우린 역시 팀인가 봐요👏 | GLITCH LOVE SIMULATION🕹 #2,2022-04-15T13:00:32Z,613039,80743,1185,1150
버퍼링 (Glitch Mode) 🥶 with 핑크퐁 레드렉스 Teaser｜NCT DREAM X 핑크퐁,2022-04-15T10:00:07Z,636156,137336,0,17
"Scratch that, bring JUNGWOO back(stage) 💚 #shorts",2022-04-12T11:07:02Z,1307856,217104,1072,26
Dream VS Dream | JENO VS CHENLE,2022-04-10T13:00:17Z,434749,59123,944,685
드디어 ⚡️첫 방송🕹을 하러 왔습니다💚 | 버퍼링 (Glitch Mode) 음악방송 대기실 비하인드,2022-04-09T13:00:11Z,738768,96084,1251,570
ZENNIE의 마음을 얻는 데 SUCCESS하면 되는 거죠?💚 | GLITCH LOVE SIMULATION🕹 #1,2022-04-08T13:00:30Z,1022365,126769,2055,1147
Dream VS Dream | JISUNG VS HAECHAN,2022-04-07T13:00:19Z,539395,72955,1135,679
[Replay] Let’s Play 'Glitch Mode' l NCT DREAM,2022-04-07T03:00:02Z,772017,62576,949,4626
‘Glitch Mode’ Body Glitch Dance Challenge 👾,2022-04-06T09:00:32Z,302038,59568,196,16
‘Glitch Mode’ 2x JISUNG Dance Challenge 🤖,2022-04-06T09:00:31Z,851969,153648,500,21
Buffering situation 🎶 in repetition 🎶 at the DREAM GAME LAB 🕹️ #shorts,2022-04-05T11:00:12Z,203647,43236,187,19
Dream VS Dream | JAEMIN VS MARK,2022-04-04T13:00:12Z,717571,99971,1581,559
‘Glitch Mode’ Casual Dance Challenge 🤖,2022-04-04T06:00:02Z,462280,84237,555,16
‘Glitch Mode’ Kung Fu Shot Dance Challenge 👾,2022-04-04T06:00:02Z,260991,50454,143,16
Welcome aboard 🚀 This is Neo Culture Technology 💚 #shorts,2022-04-03T11:00:30Z,439710,87938,589,20
UNBOXING of NCT DREAM ‘Glitch Mode’ Album,2022-04-02T11:00:17Z,680980,96124,1602,726
"Beyond LIVE: NCT DREAM - DREAM STAGE ""GLITCH MODE"" [Official Teaser]",2022-04-02T09:00:32Z,744119,131539,1480,38
Who’s really ready for ‘Glitch Mode’? Guess who 👾,2022-04-02T06:00:02Z,315238,66968,449,13
Who’s really ready for ‘Glitch Mode’? Guess who 🤖,2022-04-02T06:00:01Z,225701,51810,273,13
Dream VS Dream | RENJUN VS JENO,2022-04-01T13:00:07Z,713950,104073,2411,659
ERROR ⚠️ Miscode on the radio with 신디 📻,2022-04-01T11:00:23Z,307520,54277,149,21
"Scratch that, bring it back ⏪ 한 번만 더👆 #shorts",2022-04-01T08:13:35Z,501683,81807,222,16
REACTION to ⚡️’버퍼링 (Glitch Mode)’🕹 MV | NCT DREAM Reaction,2022-03-31T13:00:20Z,1490550,185559,2219,6
The RAIN-y season is here! 🌧⚡️ NCT DREAM on ‘Season B Season’ @8pm (KST) 📺 #shorts,2022-03-31T10:00:13Z,1366083,154980,527,19
‘Glitch Mode’ 2x Dance Challenge 👾,2022-03-31T06:00:09Z,573757,90809,438,16
NCT DREAM 엔시티 드림 '버퍼링 (Glitch Mode)' @DREAM STAGE : GLITCH MODE,2022-03-30T11:22:38Z,3079840,343261,7597,217
"Scratch that, bring it 🔙👾 #shorts",2022-03-30T09:18:58Z,493334,98761,1003,23
"Glitch Mode ON: bringing trouble, trouble like a miscode 😈⚠️ #shorts",2022-03-30T09:16:07Z,424244,93237,474,26
Now loading… ⚡️🕹 #SwitchOnThatGlitchMode #shorts,2022-03-30T09:13:52Z,358467,79933,563,24
[Replay] NCT DREAM 'Glitch Mode' Countdown Live,2022-03-29T13:00:04Z,669811,67551,937,59
NCT DREAM 'Rewind' (Official Audio) | Glitch Mode - The 2nd Album,2022-03-28T09:02:09Z,706376,70664,1415,185
NCT DREAM '북극성 (Never Goodbye)' (Official Audio) | Glitch Mode - The 2nd Album,2022-03-28T09:02:01Z,6628797,192955,4448,213
NCT DREAM '미니카 (Drive)' (Official Audio) | Glitch Mode - The 2nd Album,2022-03-28T09:01:52Z,1749268,87391,2060,199
NCT DREAM 'Better Than Gold (지금)' (Official Audio) | Glitch Mode - The 2nd Album,2022-03-28T09:01:45Z,3906062,131958,2097,201
NCT DREAM 'Saturday Drip' (Official Audio) | Glitch Mode - The 2nd Album,2022-03-28T09:01:38Z,4004315,157293,4215,181
NCT DREAM 'Replay (내일 봐)' (Official Audio) | Glitch Mode - The 2nd Album,2022-03-28T09:01:23Z,978501,72382,1187,215
NCT DREAM '잘 자 (Teddy Bear)' (Official Audio) | Glitch Mode - The 2nd Album,2022-03-28T09:01:16Z,2769771,110406,2850,243
NCT DREAM '너를 위한 단어 (It’s Yours)' (Official Audio) | Glitch Mode - The 2nd Album,2022-03-28T09:01:08Z,1156345,86105,1998,225
NCT DREAM 'Arcade' (Official Audio) | Glitch Mode - The 2nd Album,2022-03-28T09:01:01Z,1313798,79887,1470,208
NCT DREAM '버퍼링 (Glitch Mode)' (Official Audio) | Glitch Mode - The 2nd Album,2022-03-28T09:00:16Z,783298,55899,1077,208
NCT DREAM 'Fire Alarm' (Official Audio) | Glitch Mode - The 2nd Album,2022-03-28T09:00:07Z,1123713,92318,2391,193
We’re Upgrading | 7llin’ in our Youth | EP. 6,2022-03-26T11:00:01Z,2377639,211192,3459,1523
NCT DREAM 엔시티 드림 'Glitch Mode' Highlight Medley,2022-03-25T09:00:18Z,1830879,320385,10978,235
NCT DREAM 엔시티 드림 'Glitch Mode' CBT (Closed Beta Test) Ver.2,2022-03-23T15:00:29Z,657553,138923,1739,25
Underneath the same light | 7llin’ in our Youth | EP. 5,2022-03-23T11:00:35Z,3598073,254222,3728,1424
All Night Long | 7llin’ in our Youth | EP. 4,2022-03-20T11:00:01Z,2914422,225951,4156,30
Life is still going on | 7llin’ in our Youth | EP. 3,2022-03-17T11:00:34Z,2825527,242280,3637,1736
NCT DREAM 엔시티 드림 'Glitch Mode' CBT (Closed Beta Test) Ver.1,2022-03-15T15:00:27Z,739444,169836,2325,22
You're the Irreplaceable | 7llin’ in our Youth | EP. 2,2022-03-14T11:00:13Z,4155909,320854,5974,2008
We're coming together | 7llin’ in our Youth | EP. 1,2022-03-11T11:00:36Z,4971144,431506,7886,1412
2022-01-14 NCT DREAM 회의,2022-03-04T11:00:00Z,606377,113201,2425,601
NCT DREAM 2nd KICK-OFF MEETING,2022-02-28T11:00:06Z,657129,146221,3662,95
내가 제일 좋아하는 누들이야!🍜 | Lemonilo Behind the Scene,2022-01-25T11:00:09Z,1139829,171836,3107,539
어? 네가 전학생이구나?🏫💚 | Somethinc Behind the Scene,2022-01-15T11:00:31Z,1651835,238379,6021,1148
2022 SM ARTIST SEASON’S GREETINGS #NCTDREAM,2021-12-31T09:00:30Z,346125,55968,1067,703
💚Indonesian NCTzens Aku Bersamamu💚 | Tokopedia WIB: Indonesia K-Pop Awards Behind,2021-12-03T13:00:01Z,679227,129866,3294,426
그냥 해!! 이거 승부가 뭐가 그렇게 중요하냐고오!!🔥 | HOTEL THE DREAM #2,2021-11-16T13:00:21Z,1328993,140756,3007,1189
2022 SM ARTIST SEASON’S GREETINGS Teaser #NCTDREAM,2021-11-10T03:00:14Z,283008,59105,800,26
우리 호텔은 7성급이야⭐️X7 | HOTEL THE DREAM #1,2021-11-09T13:00:01Z,1864775,200883,4644,1313
2022 NCT DREAM SEASON’S GREETINGS CONCEPT TRAILER #NCTDREAM,2021-11-01T03:00:16Z,458614,109496,3407,61
🎬DREAM CINEMA🎬에 오신 여러분 환영합니다💚 | U+아이돌Live - XR LIVE : DREAM CINEMA Behind,2021-10-22T11:00:13Z,767152,115937,1926,748
꺄항~ 누구 찍어줄까?💚 | U+아이돌Live - XR LIVE : DREAM CINEMA Behind,2021-10-10T11:00:19Z,726926,120427,2468,534
우리랑 잘 어울리지 않아요?💚✨ | FCMM Behind,2021-09-27T11:00:20Z,654639,116551,2667,507
얘들아 카메라 보믄서 우서^_^ㅣBeyond LIVE - NCT DREAM ONLINE FANMEETING - 'HOT! SUMMER DREAM' VCR Behind,2021-09-14T11:00:03Z,683547,119397,1852,489
Aku telah menunggumu 🎵 | Tokopedia Behind the Scene,2021-09-08T11:00:18Z,1222529,230057,7059,519
Heartfelt Message From NCT DREAM,2021-08-31T13:00:02Z,738532,180395,6171,627
NCT DREAM ‘HOT! SUMMER DREAM’ – 🐯🐰 Welcome Message 🎥,2021-08-25T04:00:09Z,306714,73844,1422,43
NCT DREAM ‘HOT! SUMMER DREAM’ – 🦊🐶🐹 Welcome Message 🎥,2021-08-24T04:00:00Z,295201,74978,1172,44
NCT DREAM ‘HOT! SUMMER DREAM’ – 🐻🐬 Welcome Message 🎥,2021-08-23T04:00:03Z,333296,86660,1631,36
"‘오르골 (Life Is Still Going On)’, ’ANL’ Live Clip | NCT DREAM 엔시티 드림",2021-08-18T13:00:24Z,42814246,1179867,32918,459
NCT DREAM ‘HOT! SUMMER DREAM’ – Teaser #2,2021-08-17T03:00:10Z,659228,156748,3361,26
NCT DREAM 'HOT! SUMMER DREAM' – Teaser #1,2021-08-16T03:00:08Z,662854,169584,4808,28
[Un Cut] Take #5｜‘Hello Future’ Recording Behind the Scene,2021-07-28T13:00:06Z,2855619,317356,8476,775
엄청난 일이 벌어졌습니다🤭💚 | Hello Future 음악방송 대기실 비하인드,2021-07-26T11:00:22Z,1118871,140978,2855,465
[Un Cut] Take #4｜‘Hello Future’ Dance Practice Behind the Scene,2021-07-24T13:00:06Z,2454500,232486,4353,595
[Un Cut] Take #3 | ‘Hello Future’ MV Behind the Scene,2021-07-21T11:00:05Z,1551747,176020,4380,1640
[Un Cut] Take #2 | '오르골 (Life Is Still Going On)' Track Video Behind the Scene,2021-07-16T13:00:16Z,1828975,203751,3338,867
아이구~ 🐹 좋아여? | Hello Future 음악방송 대기실 비하인드,2021-07-14T11:00:03Z,1138691,141712,2987,551
[Un Cut] Take #1｜‘Hello Future’ Jacket Behind the Scene,2021-07-12T13:00:02Z,1546352,183143,4740,1535
"This is about our ‘Future’ | PAST, PRESENT, HELLO FUTURE #3",2021-07-10T11:00:13Z,570786,93270,3380,1297
드림이 드림콘서트에 왔습니다 💚 | 드림콘서트 비하인드,2021-07-09T11:00:34Z,1785599,201265,4259,645
NCT DREAM 엔시티 드림 ‘Hello Future’ Dance Practice,2021-07-06T13:00:10Z,6159091,413054,6324,228
NCT DREAM 엔시티 드림 ‘Diggity’ Dance Practice,2021-07-06T12:00:17Z,2601054,248569,5145,218
"This is about our ‘Present’ | PAST, PRESENT, HELLO FUTURE #2",2021-07-03T11:00:17Z,669035,113547,2373,1044
UNBOXING of NCT DREAM ‘Hello Future’ Album,2021-07-02T13:00:15Z,945124,135872,2891,795
REACTION to 🌈'Hello Future’🌈 MV | NCT DREAM Reaction,2021-06-30T11:00:16Z,2468853,273800,4282,362
"This is about our ‘Past’ | PAST, PRESENT, HELLO FUTURE #1",2021-06-26T11:00:33Z,1111632,204462,4534,1034
NCT DREAM '오르골 (Life Is Still Going On)' DREAM-VERSE Bonus Chapter 「Dreaming of The Future」,2021-06-25T15:00:02Z,12281965,948313,28300,214
NCT DREAM CANDYLAB Photoshoot Behind The Scenes #컴플리트유어무드,2021-06-24T11:00:08Z,669405,117220,2629,405
NCT DREAM 엔시티 드림 ‘지금처럼만 (Be There For You)’ Live Clip,2021-06-23T13:00:06Z,10187469,496538,21706,241
"Hello Busan｜JISUNG VLOG #2｜용의 비늘, 치유의 숲, 제노 형 닮은 고양이, 부산역, Hello Future",2021-06-20T13:00:15Z,880739,140816,3008,752
"Hello Busan｜JISUNG VLOG #1｜드림 부산 벌칙! 부평깡통시장, 돼지국밥, 송정해수욕장, 고래와 케이블카",2021-06-17T13:00:07Z,1333495,210650,7198,1114
[Un Cut] Take #6｜‘맛 (Hot Sauce)’ Dance Practice,2021-06-15T11:00:02Z,2111343,224416,4331,726
[Un Cut] Take #5｜‘고래 (Dive Into You)’ Recording Behind the Scene,2021-06-12T11:00:13Z,2148698,240670,6421,926
[Un Cut] Take #4｜‘맛 (Hot Sauce)’ Recording Behind the Scene,2021-06-09T11:00:33Z,3728227,412155,11134,1250
Keep Looking for the Hints 🤔,2021-06-07T12:00:14Z,948689,223384,9306,53
💚시즈니 Fㅏ워🏆💚ㅣ맛 (Hot Sauce) 음악방송 대기실 비하인드 #3,2021-06-07T11:00:09Z,2184486,243352,4957,894
REACTION to '맛 (Hot Sauce)' with Pinkfong REDREX | NCT DREAM Reaction,2021-06-05T09:00:22Z,4941666,252194,5142,416
지금도 좀 울컥했어 솔직히💦🏆ㅣ맛 (Hot Sauce) 음악방송 대기실 비하인드 #2,2021-06-04T11:00:06Z,733084,115189,2299,494
[Un Cut] Take #3｜‘맛 (Hot Sauce)’ MV Behind the Scene,2021-06-02T11:00:25Z,1248355,160490,2649,842
[Un Cut] Take #2｜‘고래 (Dive Into You) + Rainbow (책갈피) +Diggity’ Track Video Behind the Scene,2021-05-31T11:00:04Z,1171193,148296,2796,980
[Un Cut] Take #1｜‘맛 (Hot Sauce)’ Jacket Behind the Scene,2021-05-29T11:00:13Z,1119633,156691,3218,1010
Dream VS Dream | JAEMIN VS HAECHAN,2021-05-28T13:00:23Z,1210588,159019,3209,534
Hot Sauce🔥 with Pinkfong REDREX | Sing along with NCT DREAM💚 | NCT DREAM X PINKFONG,2021-05-28T10:00:12Z,24761699,544931,0,134
맛 (Hot Sauce)🔥 with 핑크퐁 레드렉스 | NCT DREAM과 함께 노래해요💚 | NCT DREAM X 핑크퐁,2021-05-28T10:00:10Z,24227928,710888,0,134
잡아야지↘️ 못 잡겠지↗️ | Crazy Jalapeños 下,2021-05-27T13:00:01Z,1157209,135561,2609,1068
Dream VS Dream | CHENLE VS MARK,2021-05-25T13:00:03Z,756109,110690,2457,604
NCT DREAM 엔시티 드림 '고래 (Dive Into You)' Dance Practice,2021-05-23T13:00:12Z,5027982,397310,8202,206
NCT DREAM 엔시티 드림 '맛 (Hot Sauce)' Dance Practice (Moving Ver.),2021-05-23T11:00:32Z,6521698,411034,6250,203
NCT DREAM 엔시티 드림 '맛 (Hot Sauce)' Dance Practice,2021-05-23T11:00:14Z,8863110,527127,8734,202
드디어 첫방~ 바로 첫방~ 그 첫방💚ㅣ맛 (Hot Sauce) 음악방송 대기실 비하인드,2021-05-22T11:00:25Z,1094350,149184,2540,829
Dream VS Dream | RENJUN VS JISUNG,2021-05-21T13:00:06Z,942244,135781,2412,749
오감을 깨우고 네 맘을 깨우는 M.S.G Hot Sauce | Crazy Jalapeños 上,2021-05-20T13:00:12Z,1777605,184318,4366,1557
드림 사랑하는 만큼💚 Hot sauce 깊이 dip that🔥 | NCT DREAM X Enjoy Couple,2021-05-19T13:00:17Z,1500049,177707,2956,1067
Dream VS Dream | MARK VS JENO,2021-05-18T13:00:04Z,1612066,200939,5887,622
[#RENJUN Cam] ‘Ridin'’ | NCT DREAM @7DREAM return! 7+맛=Show,2021-05-17T12:00:20Z,96324,15435,260,216
[#JENO Cam] ‘Ridin'’ | NCT DREAM @7DREAM return! 7+맛=Show,2021-05-17T12:00:18Z,70172,12148,198,214
[#HAECHAN Cam] ‘Ridin'’ | NCT DREAM @7DREAM return! 7+맛=Show,2021-05-17T12:00:13Z,59163,11449,210,216
[#JISUNG Cam] ‘Ridin'’ | NCT DREAM @7DREAM return! 7+맛=Show,2021-05-17T12:00:10Z,60373,11301,184,216
[#CHENLE Cam] ‘Ridin'’ | NCT DREAM @7DREAM return! 7+맛=Show,2021-05-17T12:00:05Z,43196,11329,232,214
[#JAEMIN Cam] ‘Ridin'’ | NCT DREAM @7DREAM return! 7+맛=Show,2021-05-17T12:00:05Z,110300,20795,361,217
[#MARK Cam] ‘Ridin'’ | NCT DREAM @7DREAM return! 7+맛=Show,2021-05-17T12:00:01Z,279948,24426,442,214
7DREAM RETURN! 7+맛=SHOW Behind The Scenes,2021-05-17T11:00:01Z,739551,110488,2004,984
[#JISUNG Cam] ‘BOOM’ | NCT DREAM @7DREAM return! 7+맛=Show,2021-05-16T12:00:30Z,83424,14744,370,211
[#JAEMIN Cam] ‘BOOM’ | NCT DREAM @7DREAM return! 7+맛=Show,2021-05-16T12:00:19Z,150710,22917,361,211
[#RENJUN Cam] ‘BOOM’ | NCT DREAM @7DREAM return! 7+맛=Show,2021-05-16T12:00:14Z,116917,17744,299,210
[#HAECHAN Cam] ‘BOOM’ | NCT DREAM @7DREAM return! 7+맛=Show,2021-05-16T12:00:14Z,70636,13826,313,209
[#MARK Cam] ‘BOOM’ | NCT DREAM @7DREAM return! 7+맛=Show,2021-05-16T12:00:12Z,320898,39731,981,211
[#JENO Cam] ‘BOOM’ | NCT DREAM @7DREAM return! 7+맛=Show,2021-05-16T12:00:09Z,99645,18075,377,210
[#CHENLE Cam] ‘BOOM’ | NCT DREAM @7DREAM return! 7+맛=Show,2021-05-16T12:00:09Z,47836,12375,282,209
[#JISUNG Cam] ‘고래 (Dive Into You)’ | NCT DREAM @7DREAM return! 7+맛=Show,2021-05-15T12:00:31Z,69981,14114,461,206
[#CHENLE Cam] ‘고래 (Dive Into You)’ | NCT DREAM @7DREAM return! 7+맛=Show,2021-05-15T12:00:31Z,82474,15885,368,205
[#JENO Cam] ‘고래 (Dive Into You)’ | NCT DREAM @7DREAM return! 7+맛=Show,2021-05-15T12:00:20Z,70125,14720,290,206
[#JAEMIN Cam] ‘고래 (Dive Into You)’ | NCT DREAM @7DREAM return! 7+맛=Show,2021-05-15T12:00:06Z,152829,26623,447,206
[#HAECHAN Cam] ‘고래 (Dive Into You)’ | NCT DREAM @7DREAM return! 7+맛=Show,2021-05-15T12:00:04Z,81765,18385,475,203
[#MARK Cam] ‘고래 (Dive Into You)’ | NCT DREAM @7DREAM return! 7+맛=Show,2021-05-15T12:00:04Z,109401,20043,428,206
[#RENJUN Cam] ‘고래 (Dive Into You)’ | NCT DREAM @7DREAM return! 7+맛=Show,2021-05-15T12:00:02Z,86416,17879,410,209
[#JISUNG Cam] ‘Diggity’ | NCT DREAM @7DREAM return! 7+맛=Show,2021-05-14T12:00:34Z,128833,21622,476,99
[#MARK Cam] ‘Diggity’ | NCT DREAM @7DREAM return! 7+맛=Show,2021-05-14T12:00:16Z,113897,18792,308,97
[#HAECHAN Cam] ‘Diggity’ | NCT DREAM @7DREAM return! 7+맛=Show,2021-05-14T12:00:10Z,98814,19521,417,99
[#JAEMIN Cam] ‘Diggity’ | NCT DREAM @7DREAM return! 7+맛=Show,2021-05-14T12:00:09Z,129018,24646,396,98
[#CHENLE Cam] ‘Diggity’ | NCT DREAM @7DREAM return! 7+맛=Show,2021-05-14T12:00:06Z,57769,16728,333,99
[#RENJUN Cam] ‘Diggity’ | NCT DREAM @7DREAM return! 7+맛=Show,2021-05-14T12:00:06Z,95498,21427,381,96
[#JENO Cam] ‘Diggity’ | NCT DREAM @7DREAM return! 7+맛=Show,2021-05-14T12:00:04Z,79386,18444,358,98
UNBOXING of NCT DREAM ‘맛 (Hot Sauce)’ Album,2021-05-14T11:00:32Z,1312242,179806,3275,629
[#JAEMIN Cam] ‘Rainbow (책갈피)’ | NCT DREAM @7DREAM return! 7+맛=Show,2021-05-13T12:00:32Z,219156,46128,1402,244
[#MARK Cam] ‘Rainbow (책갈피)’ | NCT DREAM @7DREAM return! 7+맛=Show,2021-05-13T12:00:30Z,211860,37207,1330,244
[#RENJUN Cam] ‘Rainbow (책갈피)’ | NCT DREAM @7DREAM return! 7+맛=Show,2021-05-13T12:00:20Z,195517,35537,1323,244
[#HAECHAN Cam] ‘Rainbow (책갈피)’ | NCT DREAM @7DREAM return! 7+맛=Show,2021-05-13T12:00:18Z,169877,33417,1256,243
[#JISUNG Cam] ‘Rainbow (책갈피)’ | NCT DREAM @7DREAM return! 7+맛=Show,2021-05-13T12:00:13Z,125009,30021,1250,243
[#CHENLE Cam] ‘Rainbow (책갈피)’ | NCT DREAM @7DREAM return! 7+맛=Show,2021-05-13T12:00:09Z,88945,24233,993,243
[#JENO Cam] ‘Rainbow (책갈피)’ | NCT DREAM @7DREAM return! 7+맛=Show,2021-05-13T12:00:07Z,106060,26536,1089,241
[#MARK Cam] ‘맛 (Hot Sauce)’ | NCT DREAM @7DREAM return! 7+맛=Show,2021-05-12T12:00:30Z,304100,37950,1400,205
[#JENO Cam] ‘맛 (Hot Sauce)’ | NCT DREAM @7DREAM return! 7+맛=Show,2021-05-12T12:00:22Z,260434,40536,1468,206
[#HAECHAN Cam] ‘맛 (Hot Sauce)’ | NCT DREAM @7DREAM return! 7+맛=Show,2021-05-12T12:00:19Z,367804,52065,2182,204
[#RENJUN Cam] ‘맛 (Hot Sauce)’ | NCT DREAM @7DREAM return! 7+맛=Show,2021-05-12T12:00:17Z,250624,42672,1922,205
[#JISUNG Cam] ‘맛 (Hot Sauce)’ | NCT DREAM @7DREAM return! 7+맛=Show,2021-05-12T12:00:11Z,316919,46078,2125,203
[#JAEMIN Cam] ‘맛 (Hot Sauce)’ | NCT DREAM @7DREAM return! 7+맛=Show,2021-05-12T12:00:10Z,373538,59533,2083,205
[#NCTDREAM Cam] ‘맛 (Hot Sauce)’ @7DREAM return! 7+맛=Show,2021-05-12T12:00:02Z,494317,105128,1457,204
[#CHENLE Focus] ‘맛 (Hot Sauce)’ | NCT DREAM @7DREAM return! 7+맛=Show,2021-05-12T12:00:01Z,202779,41602,1981,207
REACTION to '맛 (Hot Sauce)' MV | NCT DREAM Reaction,2021-05-12T11:00:32Z,3053709,392979,4938,333
NCT DREAM 'Ridin'' Live Stage @7DREAM return! 7+맛=Show,2021-05-11T13:00:13Z,5307310,320217,4207,213
NCT DREAM 'BOOM' Live Stage @7DREAM return! 7+맛=Show,2021-05-11T13:00:12Z,15812166,572521,7120,203
NCT DREAM 'Rainbow (책갈피)' Live Stage @7DREAM return! 7+맛=Show,2021-05-11T12:00:21Z,13596281,450092,10502,239
NCT DREAM '고래 (Dive Into You)' Live Stage @7DREAM return! 7+맛=Show,2021-05-11T12:00:16Z,13072778,470279,7135,201
NCT DREAM '주인공 (Irreplaceable)+Diggity' Live Stage @7DREAM return! 7+맛=Show,2021-05-11T12:00:02Z,7477629,282377,4543,4
NCT DREAM '맛 (Hot Sauce)' Live Stage @7DREAM return! 7+맛=Show,2021-05-11T12:00:02Z,11212783,627782,11548,212
[REPLAY] 7DREAM return! 7+맛=Show #우정의_A컷Z컷 #우정월드컵,2021-05-11T12:00:00Z,1644612,154106,2912,2053
"Dear my DREAM, I’ll be there for you | 7llin’ in the DREAM | EP. 6",2021-05-07T11:00:06Z,6613845,463500,11585,2317
NCT DREAM 'Diggity' DREAM-VERSE Chapter #3 The Taste of Pain,2021-05-06T15:00:19Z,4439372,588836,22712,197
NCT DREAM 'Rainbow (책갈피)' DREAM-VERSE Chapter #2 The Thing I Cherish,2021-05-05T15:00:07Z,4146050,606176,26335,205
Dinosaurs A to Z | Sing along with NCT DREAM💚 | NCT DREAM X PINKFONG,2021-05-05T00:00:13Z,69048864,951344,0,141
공룡 ABC | NCT DREAM과 함께 노래해요💚 | NCT DREAM X 핑크퐁,2021-05-05T00:00:11Z,5548809,434475,0,141
NCT DREAM '고래 (Dive Into You)' DREAM-VERSE Chapter #1 The Love Triangle,2021-05-04T15:00:19Z,5103117,666813,42018,182
Hope It Never Fades Out | 7llin’ in the DREAM | EP. 5,2021-05-03T11:00:20Z,3655499,324801,7902,1504
"Time Flies, We Fly | 7llin’ in the DREAM | EP. 4",2021-04-29T11:00:08Z,5731460,410354,10962,1716
Cafe 7 DREAM Behind the Scenes,2021-04-27T11:00:10Z,1263104,172620,2900,644
Dive Into Youth | 7llin’ in the DREAM | EP. 3,2021-04-25T11:00:09Z,6315196,450750,9753,1843
We’re the Best Friends | 7llin’ in the DREAM | EP. 2,2021-04-21T11:00:00Z,6006766,444523,12007,1761
Welcome To Our Home | 7llin’ in the DREAM | EP. 1,2021-04-17T11:00:05Z,8061649,622262,13914,1566
2021-03-12 NCT DREAM 회의,2021-04-12T13:00:28Z,2577677,280856,7765,1481
NCT DREAM CANDYLAB Photoshoot Behind The Scenes #FULLBLOOM,2021-04-11T11:00:06Z,739181,122071,3072,403
NCT DREAM KICK-OFF MEETING,2021-04-06T13:00:04Z,779386,160501,7058,52
Cafe vlog｜Cafe 7 DREAM을 찾아온 특별 손님🤭｜카페브이로그｜카페7드림｜#카페일상｜#카페브레이크타임｜#감성카페,2021-04-05T12:00:12Z,3692030,306010,10101,1134
Cafe vlog｜Cafe 7 DREAM은 오늘도 영업중☕️｜카페브이로그｜카페7드림｜#나메리카노매운맛｜#바쁜하루｜#카페신메뉴출시,2021-04-04T11:00:07Z,3334317,306779,10094,1412
Cafe 7 DREAM,2021-03-31T15:00:04Z,1806463,356245,16334,196
NCT DREAM LAZADA SUPER PARTY Behind,2021-03-28T11:00:09Z,1128948,218451,7091,461
(극)난 계속 7등 6등 6등 7등이야!!!(대노)💢 | 🍽드슐랭 미식회🍷 #2 | D’chelin Gourmet Party,2021-03-24T13:00:00Z,2757588,241666,6690,1274
야 야 싸울 거면 여기서 제대로 싸워💥❗️ | 🍽드슐랭 미식회🍷 #1 | D’chelin Gourmet Party,2021-03-17T13:00:14Z,3975444,323528,9665,1104
아니 그니까 경찰 누구냐고…👮‍♂️💢 | 🧬드림 연구소🧪 File. 3 | DREAM Mystery Lab,2021-03-11T13:00:13Z,3079010,231161,7856,1308
울다가😢 웃으면🤣 엉덩이🍑에 뿔🦄난다 | 🧬드림 연구소🧪 File. 2 | DREAM Mystery Lab,2021-03-04T13:00:04Z,2685134,231020,7075,1796
범인은 이 안에 있어!  | 🧬드림 연구소🧪 File. 1 | DREAM Mystery Lab,2021-02-25T13:00:12Z,3590736,322446,9803,1242
그니까 우리가 아까부터 뭐가 문제였냐면｜박지성! 옥상으로 따라와 #2｜Rooftop Fight,2021-01-30T13:00:03Z,3670429,293909,10449,1341
NCT DREAM 2021 Back to School,2021-01-26T04:00:02Z,707690,148255,2878,189
박지성 성인 취임식(?)｜박지성! 옥상으로 따라와 #1｜Rooftop Fight,2021-01-23T13:00:15Z,5789855,438004,11257,1051
박지성! 옥상으로 따라와 : Prologue｜Rooftop Fight,2021-01-16T13:00:01Z,4018660,634917,32136,506
✨잊지 못할 추억✨ | [DREAM A DREAM] Photo shoot behind,2021-01-08T11:00:27Z,1608549,231404,6890,692
2021 NCT DREAM SEASON'S GREETINGS #NCTDREAM,2021-01-06T04:00:01Z,1036742,172534,4854,754
[CONTOUR:BACKSTAGE] NCT DREAM Behind The Scenes,2020-12-31T11:00:26Z,423926,67146,711,150
[CONTOUR:BACKSTAGE] NCT DREAM 'BOOM' (3D Audio/360º VR),2020-12-31T11:00:15Z,1428502,132434,1349,87
[CONTOUR:BACKSTAGE] NCT DREAM EP.1 (360º VR),2020-12-30T11:00:02Z,1772516,192822,3358,497
[CONTOUR:BACKSTAGE] NCT DREAM EP.2 (360º VR),2020-12-30T11:00:00Z,869138,103203,1664,514
2021 NCT DREAM SEASON’S GREETINGS Teaser,2020-11-05T04:00:02Z,562203,125908,2740,26
What's in the Box?🎁 | NCT DREAM - Beyond the Dream Show,2020-05-09T08:00:16Z,483097,86868,2275,35
NCT DREAM #JENO #JAEMIN LIVE Highlights - #NCTDREAM - Beyond the Dream Show,2020-05-07T02:53:47Z,195279,27581,705,203
[#RENJUN Face Focus] NCT DREAM 엔시티 드림 'Ridin'' (Rollin’ Ver.) @NCT DREAM THE STAGE,2020-05-05T12:00:28Z,187116,30623,1140,204
[#JAEMIN Face Focus] NCT DREAM 엔시티 드림 'Ridin'' (Rollin’ Ver.) @NCT DREAM THE STAGE,2020-05-05T12:00:22Z,526561,75829,1532,204
[#JENO Face Focus] NCT DREAM 엔시티 드림 'Ridin'' (Rollin’ Ver.) @NCT DREAM THE STAGE,2020-05-05T12:00:09Z,144771,22950,594,204
[#HAECHAN Face Focus] NCT DREAM 엔시티 드림 'Ridin'' (Rollin’ Ver.) @NCT DREAM THE STAGE,2020-05-05T12:00:06Z,175144,27689,963,204
[#CHENLE Face Focus] NCT DREAM 엔시티 드림 'Ridin'' (Rollin’ Ver.) @NCT DREAM THE STAGE,2020-05-05T12:00:00Z,99780,20265,1231,204
[#JISUNG Face Focus] NCT DREAM 엔시티 드림 'Ridin'' (Rollin’ Ver.) @NCT DREAM THE STAGE,2020-05-05T12:00:00Z,191915,31666,942,204
[ONE-TAKE] NCT DREAM 엔시티 드림 'Ridin'' (Ridin’ Ver.) @NCT DREAM THE STAGE,2020-05-05T11:00:24Z,750298,102490,1323,205
[Eye Contact Cam] NCT DREAM 엔시티 드림 'Ridin'' (Rollin’ Ver.) @NCT DREAM THE STAGE,2020-05-05T11:00:07Z,102467,19783,439,218
[Eye Contact Cam] NCT DREAM 엔시티 드림 'Ridin'' (Ridin’ Ver.) @NCT DREAM THE STAGE,2020-05-05T11:00:04Z,351672,62827,1117,218
[ONE-TAKE] NCT DREAM 엔시티 드림 'Ridin'' (Rollin’ Ver.) @NCT DREAM THE STAGE,2020-05-05T11:00:00Z,192115,34226,654,205
[#JISUNG Focus] NCT DREAM 엔시티 드림 'Ridin'' (Rollin’ Ver.) @NCT DREAM THE STAGE,2020-05-04T12:01:31Z,45337,8298,182,209
[#JISUNG Focus] NCT DREAM 엔시티 드림 'Ridin'' (Ridin’ Ver.) @NCT DREAM THE STAGE,2020-05-04T12:01:28Z,141272,17154,337,208
[#RENJUN Focus] NCT DREAM 엔시티 드림 'Ridin'' (Ridin’ Ver.) @NCT DREAM THE STAGE,2020-05-04T12:00:47Z,67946,11626,455,208
[#CHENLE Focus] NCT DREAM 엔시티 드림 'Ridin'' (Ridin’ Ver.) @NCT DREAM THE STAGE,2020-05-04T12:00:38Z,78834,12799,631,207
[#HAECHAN Focus] NCT DREAM 엔시티 드림 'Ridin'' (Ridin’ Ver.) @NCT DREAM THE STAGE,2020-05-04T12:00:35Z,83617,11917,454,208
[#HAECHAN Focus] NCT DREAM 엔시티 드림 'Ridin'' (Rollin’ Ver.) @NCT DREAM THE STAGE,2020-05-04T12:00:35Z,46993,9352,354,209
[#RENJUN Focus] NCT DREAM 엔시티 드림 'Ridin'' (Rollin’ Ver.) @NCT DREAM THE STAGE,2020-05-04T12:00:34Z,38421,8212,336,209
[#JENO Focus] NCT DREAM 엔시티 드림 'Ridin'' (Ridin’ Ver.) @NCT DREAM THE STAGE,2020-05-04T12:00:34Z,83135,12308,249,208
[#JENO Focus] NCT DREAM 엔시티 드림 'Ridin'' (Rollin’ Ver.) @NCT DREAM THE STAGE,2020-05-04T12:00:17Z,36171,7679,156,209
[#JAEMIN Focus] NCT DREAM 엔시티 드림 'Ridin'' (Rollin’ Ver.) @NCT DREAM THE STAGE,2020-05-04T12:00:17Z,61151,11034,248,208
[#JAEMIN Focus] NCT DREAM 엔시티 드림 'Ridin'' (Ridin’ Ver.) @NCT DREAM THE STAGE,2020-05-04T12:00:13Z,198173,27484,525,207
[#CHENLE Focus] NCT DREAM 엔시티 드림 'Ridin'' (Rollin’ Ver.) @NCT DREAM THE STAGE,2020-05-04T12:00:05Z,58044,14445,760,209
[Multi Eye Contact Cam] NCT DREAM 엔시티 드림 'Ridin'' (Ridin’ Ver.) @NCT DREAM THE STAGE,2020-05-04T11:00:13Z,317849,66748,2173,210
[Multi Eye Contact Cam] NCT DREAM 엔시티 드림 'Ridin'' (Rollin’ Ver.) @NCT DREAM THE STAGE,2020-05-04T11:00:06Z,309444,71157,3274,210
NCT DREAM 엔시티 드림 'Ridin'' (Ridin’ & Rollin’ Ver.) @NCT DREAM THE STAGE,2020-05-03T11:00:09Z,602387,114180,2174,211
NCT DREAM 엔시티 드림 'Ridin'' (Ridin’ Ver.) @NCT DREAM THE STAGE,2020-04-30T11:00:33Z,2107698,322866,9621,223
NCT DREAM 엔시티 드림 'Ridin'' (Rollin’ Ver.) @NCT DREAM THE STAGE,2020-04-30T11:00:00Z,2067271,306678,8304,223
NCT DREAM 엔시티 드림 'Quiet Down' Track Video #4,2020-04-25T09:00:35Z,4414699,516341,15786,73
NCT DREAM 엔시티 드림 '사랑은 또다시 (Love Again)' Track Video #3,2020-04-24T09:00:15Z,6408759,524362,12914,96
NCT DREAM 엔시티 드림 '내게 말해줘 (7 Days)' Track Video #2,2020-04-23T09:00:32Z,3652923,407659,11693,86
NCT DREAM 엔시티 드림 '너의 자리 (Puzzle Piece)' Track Video #1,2020-04-22T09:00:13Z,3391884,418102,17728,84
NCT DREAM 엔시티 드림 'Reload' Crew Video,2020-04-20T09:00:09Z,1820676,288161,15002,61
"NCT DREAM TAKES JAPAN : NCT DREAM TOUR ""THE DREAM SHOW”",2020-02-19T07:00:02Z,184375,26789,527,68
"NCT DREAM TAKES BANGKOK : NCT DREAM TOUR ""THE DREAM SHOW”",2020-01-24T09:00:01Z,155183,25945,621,1
"NCT DREAM TOUR ""THE DREAM SHOW"" Recap Video",2019-12-30T11:00:00Z,179930,35357,1458,125
2020 SM ARTIST SEASON’S GREETINGS DVD Teaser - NCT DREAM,2019-11-08T10:00:04Z,135010,26400,379,24
NCT DREAM 엔시티 드림 'BOOM' Vertical Video,2019-08-10T03:00:04Z,4707062,455954,9810,205
WE LIKE THAT,2019-07-24T09:00:09Z,783317,140480,4646,20
WE GOT THAT,2019-07-23T09:00:03Z,739556,142800,4607,18
2019 NCT DREAM Back to School Kit – 현장 인터뷰 영상,2019-07-05T09:01:03Z,111136,20181,481,98
2019 NCT DREAM Back to School Kit – 촬영 스케치 영상,2019-07-02T09:00:02Z,112195,25557,629,33
SM 셀러브리티와의 선물 같은 시간 💖 NCT DREAM,2019-06-07T08:00:08Z,427827,72611,1360,510
2019 NCT DREAM SUMMER VACATION KIT DVD Teaser,2019-04-25T09:00:04Z,171020,33014,1055,23
NCT DREAM ‘너와 나 (Beautiful Time)’ Behind of We Go Up,2018-10-09T12:00:00Z,545775,67925,1085,215
[N'-61] Dream VS Dream | JENO VS JAEMIN,2018-09-22T12:00:06Z,167571,16900,306,266
[N'-60] Dream VS Dream | MARK VS HAECHAN,2018-09-20T12:00:01Z,193397,18593,363,297
NCT RECORDING DIARY #5,2018-09-18T11:25:04Z,609146,55334,941,354
[N'-59] Dream VS Dream | JAEMIN VS RENJUN,2018-09-16T08:00:03Z,235963,20113,386,249
[N'-58] Dream VS Dream | JISUNG VS CHENLE,2018-09-12T09:00:12Z,187767,17267,296,295
[N'-57] NCT DREAM ‘We Go Up’ BEHIND THE STAGE (쇼!음악중심),2018-09-11T11:00:00Z,120173,11777,178,214
NCT RECORDING DIARY #4,2018-09-07T11:25:06Z,992473,85954,956,401
NCT RECORDING DIARY #3,2018-08-16T11:25:04Z,306572,27245,617,215
[N'-48] GIVE ME A STRIKE!,2018-08-03T10:00:01Z,302995,31911,399,230
[N'-46] 00+00+00+00=LOVE #2,2018-07-20T10:00:03Z,499739,51503,618,239
[N'-44] 00+00+00+00=LOVE,2018-07-06T12:00:14Z,743512,102181,1265,325
[N'-21] JOY! JOY TO THE WORLD,2017-12-18T09:00:02Z,99614,10662,188,183
[N'-16] 네 맘을 훔칠 Black Suit!,2017-11-14T10:00:05Z,338712,29698,339,171
NCT DREAM_ SUPER JUNIOR 'Black Suit' DANCE COVER,2017-11-14T08:00:04Z,1254266,102408,1247,82
NCT DREAM BOY VIDEO B-CUT #7,2017-11-03T09:00:00Z,62241,5666,80,107
NCT DREAM BOY VIDEO B-CUT #6,2017-11-01T09:00:03Z,60185,7747,163,51
NCT DREAM BOY VIDEO B-CUT #5,2017-10-30T09:00:00Z,41749,4276,65,80
NCT DREAM BOY VIDEO B-CUT #4,2017-10-27T09:00:03Z,40321,4514,57,79
NCT DREAM BOY VIDEO B-CUT #3,2017-10-25T09:00:05Z,40425,4428,64,53
NCT DREAM BOY VIDEO B-CUT #2,2017-10-23T09:00:01Z,43632,4533,82,116
NCT DREAM BOY VIDEO B-CUT #1,2017-10-20T09:00:01Z,44019,4372,42,66
NCT DREAM BOY VIDEO B-CUT Teaser,2017-10-18T09:00:04Z,30664,3929,63,44
NCT DREAM BOY VIDEO EP.12,2017-10-16T08:00:01Z,60275,6311,157,374
NCT DREAM BOY VIDEO EP.11,2017-10-13T09:00:05Z,52266,5576,100,196
NCT DREAM BOY VIDEO EP.10,2017-10-11T09:00:01Z,55250,5683,111,198
NCT DREAM BOY VIDEO EP.09,2017-09-29T09:00:02Z,65604,6143,92,170
NCT DREAM BOY VIDEO EP.08,2017-09-27T09:00:01Z,56504,5713,103,177
NCT DREAM BOY VIDEO EP.07,2017-09-25T09:00:00Z,62524,6362,122,176
NCT DREAM BOY #HAECHAN VIDEO,2017-09-22T09:00:01Z,50144,6579,186,287
NCT DREAM BOY #RENJUN VIDEO,2017-09-20T09:00:07Z,65784,8903,387,150
[N’-3] SO WHAT? WE HOT! WE YOUNG!,2017-09-18T10:00:01Z,108018,12739,159,68
NCT DREAM BOY #JENO VIDEO,2017-09-18T09:00:00Z,58650,6730,134,143
NCT DREAM BOY #MARK VIDEO,2017-09-15T09:00:01Z,55846,6205,132,169
NCT DREAM BOY #CHENLE VIDEO,2017-09-13T09:00:00Z,54458,6851,133,133
NCT DREAM BOY #JISUNG VIDEO,2017-09-11T09:00:02Z,89111,9758,157,150
NCT DREAM_ MY PAGE,2017-09-07T10:00:02Z,126175,17719,363,137
NCT DREAM BOY VIDEO Teaser,2017-09-06T09:00:02Z,60731,9194,146,26
[#4Ket] NCT DREAM_Trigger the fever #JISUNG,2017-08-30T10:00:05Z,64522,5965,80,208
[#4Ket] NCT DREAM_Trigger the fever #JENO,2017-08-30T10:00:04Z,25907,3414,70,208
[#4Ket] NCT DREAM_Trigger the fever #CHENLE,2017-08-30T10:00:03Z,19689,3253,119,208
[#4Ket] NCT DREAM_Trigger the fever #MARK,2017-08-30T10:00:02Z,20826,2912,45,208
[#4Ket] NCT DREAM_Trigger the fever #RENJUN,2017-08-30T10:00:02Z,30683,4469,213,208
[#4Ket] NCT DREAM_Trigger the fever #HAECHAN,2017-08-30T10:00:01Z,25119,3895,66,208
[#4Ket] NCT DREAM_We Young #JENO,2017-08-23T01:00:03Z,20831,3762,76,230
[#4Ket] NCT DREAM_We Young #HAECHAN,2017-08-23T01:00:03Z,21993,3820,79,230
[#4Ket] NCT DREAM_We Young #MARK,2017-08-23T01:00:01Z,22089,3890,64,230
[#4Ket] NCT DREAM_We Young,2017-08-23T01:00:01Z,58889,6831,118,230
[#4Ket] NCT DREAM_We Young #CHENLE,2017-08-23T01:00:01Z,27142,4968,148,230
[#4Ket] NCT DREAM_We Young #JISUNG,2017-08-23T01:00:00Z,53520,8905,177,230
[#4Ket] NCT DREAM_We Young #RENJUN,2017-08-23T01:00:00Z,43987,7407,269,230
